{
  "config": {
    "n_splits": 5,
    "random_state": 42,
    "calibrator": "sklearn LogisticRegression(C=1.0, penalty='l2')",
    "features": [
      "raw_confidence",
      "amount_normalised",
      "tier_easy",
      "tier_medium",
      "tier_hard"
    ]
  },
  "n_train": 705,
  "n_eval": 177,
  "raw_summary": {
    "train": {
      "label": "raw_train",
      "easy": {
        "n": 322,
        "mean": 0.9376508986190972,
        "std": 0.05093676325550657,
        "min": 0.75,
        "p50": 0.95,
        "max": 0.99,
        "unique_values": 8
      },
      "medium": {
        "n": 252,
        "mean": 0.8828571428571427,
        "std": 0.08890745271006412,
        "min": 0.65,
        "p50": 0.95,
        "max": 0.98,
        "unique_values": 8
      },
      "hard": {
        "n": 131,
        "mean": 0.8130534351145039,
        "std": 0.09264471353625771,
        "min": 0.65,
        "p50": 0.75,
        "max": 0.95,
        "unique_values": 6
      }
    },
    "eval": {
      "label": "raw_eval",
      "easy": {
        "n": 81,
        "mean": 0.9402772855593505,
        "std": 0.04910983046854581,
        "min": 0.75,
        "p50": 0.95,
        "max": 0.99,
        "unique_values": 7
      },
      "medium": {
        "n": 63,
        "mean": 0.8793650793650797,
        "std": 0.08164718943389304,
        "min": 0.65,
        "p50": 0.85,
        "max": 0.98,
        "unique_values": 7
      },
      "hard": {
        "n": 33,
        "mean": 0.8196969696969696,
        "std": 0.09995407577254933,
        "min": 0.55,
        "p50": 0.75,
        "max": 0.95,
        "unique_values": 4
      }
    }
  },
  "calibrated_summary": {
    "train": {
      "label": "cal_train",
      "easy": {
        "n": 322,
        "mean": 0.8236176924834907,
        "std": 0.0318422261839398,
        "min": 0.7031757602056249,
        "p50": 0.8299108377020299,
        "max": 0.8723730999039565,
        "unique_values": 275
      },
      "medium": {
        "n": 252,
        "mean": 0.5268536675784156,
        "std": 0.050915714646785994,
        "min": 0.3624610588912784,
        "p50": 0.5295753417210961,
        "max": 0.6235209172749949,
        "unique_values": 231
      },
      "hard": {
        "n": 131,
        "mean": 0.6272170758797295,
        "std": 0.0539308583359188,
        "min": 0.5144435633584223,
        "p50": 0.6289670539860688,
        "max": 0.7232985363896466,
        "unique_values": 124
      }
    },
    "eval": {
      "label": "cal_eval",
      "easy": {
        "n": 81,
        "mean": 0.8272786431521465,
        "std": 0.028622551428213308,
        "min": 0.722259329323131,
        "p50": 0.8354308556230932,
        "max": 0.866075090310973,
        "unique_values": 74
      },
      "medium": {
        "n": 63,
        "mean": 0.5248029051968304,
        "std": 0.050701266573259525,
        "min": 0.4214924277680297,
        "p50": 0.5239086771724898,
        "max": 0.6044743817462279,
        "unique_values": 60
      },
      "hard": {
        "n": 33,
        "mean": 0.6397346969925192,
        "std": 0.05594503754889537,
        "min": 0.4472091381626295,
        "p50": 0.6298067521418402,
        "max": 0.7035640443388498,
        "unique_values": 32
      }
    }
  },
  "eval_scoring": {
    "brier_raw": 0.29527437753431357,
    "brier_calibrated": 0.21551318740144218,
    "log_loss_raw": 0.9103279441552774,
    "log_loss_calibrated": 0.6161622253825486
  },
  "calibrator_coef": [
    [
      2.335418734696559,
      0.7446483130456868,
      0.7193826083271039,
      -0.5660214764096846,
      -0.15095725269341173
    ]
  ],
  "calibrator_intercept": [
    -1.7835161112972164
  ]
}