{
  "baseline_name": "Baseline (threshold 0.85/0.50)",
  "ppo_name": "PPO Variant A (A/B/C identical on eval)",
  "n_eval": 177,
  "metrics": {
    "baseline": {
      "routing_accuracy": {
        "x": 75,
        "n": 177,
        "rate": 0.423728813559322,
        "ci95": [
          0.3533101874379408,
          0.49738776547577274
        ]
      },
      "auto_precision": {
        "x": 15,
        "n": 15,
        "rate": 1.0,
        "ci95": [
          0.7961166989641515,
          1.0
        ]
      },
      "auto_error_rate": {
        "x": 0,
        "n": 15,
        "rate": 0.0,
        "ci95": [
          0.0,
          0.20388330103584862
        ]
      },
      "auto_approval_rate": {
        "x": 15,
        "n": 177,
        "rate": 0.0847457627118644,
        "ci95": [
          0.052028337992235246,
          0.1351049612046498
        ]
      },
      "error_rate_by_tier": {
        "easy": {
          "x": 0,
          "n": 15,
          "rate": 0.0,
          "ci95": [
            0.0,
            0.20388330103584862
          ]
        },
        "medium": {
          "x": 0,
          "n": 0,
          "rate": null,
          "ci95": [
            null,
            null
          ]
        },
        "hard": {
          "x": 0,
          "n": 0,
          "rate": null,
          "ci95": [
            null,
            null
          ]
        }
      }
    },
    "ppo": {
      "routing_accuracy": {
        "x": 112,
        "n": 177,
        "rate": 0.632768361581921,
        "ci95": [
          0.5596341852705398,
          0.7002619707685516
        ]
      },
      "auto_precision": {
        "x": 63,
        "n": 81,
        "rate": 0.7777777777777778,
        "ci95": [
          0.6758471376953772,
          0.8545539259532811
        ]
      },
      "auto_error_rate": {
        "x": 18,
        "n": 81,
        "rate": 0.2222222222222222,
        "ci95": [
          0.14544607404671892,
          0.3241528623046228
        ]
      },
      "auto_approval_rate": {
        "x": 81,
        "n": 177,
        "rate": 0.4576271186440678,
        "ci95": [
          0.3859103744766434,
          0.5311440438087531
        ]
      },
      "error_rate_by_tier": {
        "easy": {
          "x": 18,
          "n": 81,
          "rate": 0.2222222222222222,
          "ci95": [
            0.14544607404671892,
            0.3241528623046228
          ]
        },
        "medium": {
          "x": 0,
          "n": 0,
          "rate": null,
          "ci95": [
            null,
            null
          ]
        },
        "hard": {
          "x": 0,
          "n": 0,
          "rate": null,
          "ci95": [
            null,
            null
          ]
        }
      }
    }
  },
  "comparisons": {
    "auto_error_rate": {
      "z": -2.0254787341673333,
      "p_value": 0.04281822995121054
    },
    "auto_precision": {
      "z": 2.0254787341673333,
      "p_value": 0.04281822995121054
    },
    "routing_accuracy": {
      "z": -3.9393477131871,
      "p_value": 8.170344403612972e-05
    },
    "auto_approval_rate": {
      "z": -7.8904195661721666,
      "p_value": 3.1086244689504383e-15
    }
  },
  "notes": [
    "PPO A/B/C produce identical action sequences on the eval set (total AUTO=81, SURFACE=96, REJECT=0), so only one PPO column needs reporting in comparison tables.",
    "The baseline emits 18 REJECT_FOR_MANUAL decisions on this eval set while PPO emits 0. The PPO policies assign zero probability to REJECT regardless of input; the baseline uses REJECT whenever the thresholded score falls below its lower threshold (0.50 on raw, not recalibrated for calibrated input).",
    "The Baseline-vs-PPO difference in auto-approval RATE is highly significant: the two policies sit at very different points on the coverage/precision tradeoff curve."
  ]
}