{
  "baseline_name": "Baseline (threshold 0.85/0.50)",
  "ppo_name": "PPO Variant A (PPO-A shown; A/B/C DIVERGE \u2014 see per-variant block)",
  "variants_converge": false,
  "variant_action_totals": {
    "A": {
      "AUTO": 64,
      "SURFACE": 96,
      "REJECT": 0
    },
    "B": {
      "AUTO": 64,
      "SURFACE": 96,
      "REJECT": 0
    },
    "C": {
      "AUTO": 0,
      "SURFACE": 160,
      "REJECT": 0
    }
  },
  "n_eval": 160,
  "metrics": {
    "baseline": {
      "routing_accuracy": {
        "x": 102,
        "n": 160,
        "rate": 0.6375,
        "ci95": [
          0.5605966911485732,
          0.7079556051792627
        ]
      },
      "auto_precision": {
        "x": 66,
        "n": 97,
        "rate": 0.6804123711340206,
        "ci95": [
          0.582266326033009,
          0.7648131431586593
        ]
      },
      "auto_error_rate": {
        "x": 31,
        "n": 97,
        "rate": 0.31958762886597936,
        "ci95": [
          0.23518685684134055,
          0.417733673966991
        ]
      },
      "auto_approval_rate": {
        "x": 97,
        "n": 160,
        "rate": 0.60625,
        "ci95": [
          0.5289051905524178,
          0.6786124929736372
        ]
      },
      "error_rate_by_tier": {
        "easy": {
          "x": 14,
          "n": 56,
          "rate": 0.25,
          "ci95": [
            0.15517054688270684,
            0.376926421476675
          ]
        },
        "medium": {
          "x": 17,
          "n": 31,
          "rate": 0.5483870967741935,
          "ci95": [
            0.37772167637354503,
            0.7083826401947998
          ]
        },
        "hard": {
          "x": 0,
          "n": 10,
          "rate": 0.0,
          "ci95": [
            0.0,
            0.2775327998628892
          ]
        }
      }
    },
    "ppo": {
      "routing_accuracy": {
        "x": 95,
        "n": 160,
        "rate": 0.59375,
        "ci95": [
          0.5163168856257644,
          0.6667869527795783
        ]
      },
      "auto_precision": {
        "x": 46,
        "n": 64,
        "rate": 0.71875,
        "ci95": [
          0.5986606971779259,
          0.8140662766627217
        ]
      },
      "auto_error_rate": {
        "x": 18,
        "n": 64,
        "rate": 0.28125,
        "ci95": [
          0.18593372333727837,
          0.40133930282207403
        ]
      },
      "auto_approval_rate": {
        "x": 64,
        "n": 160,
        "rate": 0.4,
        "ci95": [
          0.3272940760025201,
          0.47739516303178114
        ]
      },
      "error_rate_by_tier": {
        "easy": {
          "x": 18,
          "n": 64,
          "rate": 0.28125,
          "ci95": [
            0.18593372333727837,
            0.40133930282207403
          ]
        },
        "medium": {
          "x": 0,
          "n": 0,
          "rate": null,
          "ci95": [
            null,
            null
          ]
        },
        "hard": {
          "x": 0,
          "n": 0,
          "rate": null,
          "ci95": [
            null,
            null
          ]
        }
      }
    }
  },
  "comparisons": {
    "auto_error_rate": {
      "z": 0.5173768467436395,
      "p_value": 0.6048931190374165
    },
    "auto_precision": {
      "z": -0.5173768467436395,
      "p_value": 0.6048931190374165
    },
    "routing_accuracy": {
      "z": 0.8044283362779068,
      "p_value": 0.42114964166177504
    },
    "auto_approval_rate": {
      "z": 3.6895842257703073,
      "p_value": 0.00022462085444208135
    }
  },
  "notes": [
    "PPO A/B/C DIVERGE on this eval set. Per-variant action totals (AUTO/SURFACE/REJECT): A=64/96/0, B=64/96/0, C=0/160/0. The main Baseline-vs-PPO table below uses Variant A as the PPO representative; the per-variant divergence is the headline finding.",
    "Both policies emit 0 REJECT_FOR_MANUAL on this eval set. For the raw-confidence regime, this is because real Claude Haiku confidences never fall below 0.5 (the baseline's reject threshold); PPO's REJECT-elimination is a learned policy-level property invariant to input confidence, whereas the baseline's zero rejects reflect the data distribution.",
    "The Baseline-vs-PPO difference in auto-approval error rate is NOT statistically significant at alpha=0.05.",
    "The Baseline-vs-PPO difference in auto-approval RATE is highly significant: the two policies sit at very different points on the coverage/precision tradeoff curve."
  ]
}